{"cameraMode":{"drawMode":0,"name":"Shaded","section":"Shading Mode"},"sceneLighting":false,"audioPlay":false,"sceneViewState":{"showFog":true,"showMaterialUpdate":false,"showSkybox":false,"showFlares":true,"showImageEffects":true,"showParticleSystems":true},"in2DMode":false,"pivot":{"x":14.61229133605957,"y":-87.6953353881836,"z":47.47602844238281},"rotation":{"x":-0.06176949664950371,"y":0.005087430588901043,"z":-0.00031486465013585985,"w":-0.998077392578125},"size":516.685546875,"orthographic":false}